Date,Libor 1M,3M,6M,1Y,2Y,5Y,10Y,15Y,20Y,30Y
4/24/17,0.0099,0.011647836,0.01290725,0.013556164,0.015369545,0.019014621,0.022288923,0.023920271,0.02464948,0.024877866
4/25/17,0.0099,0.011686621,0.013099723,0.013827825,0.015740547,0.019573006,0.022957548,0.024621143,0.025372959,0.025592671
4/26/17,0.0099,0.01170048,0.013033286,0.013720016,0.015564992,0.019271164,0.022600931,0.024297266,0.025041385,0.02527815
4/27/17,0.01,0.011678156,0.012873562,0.013545868,0.015363255,0.019083364,0.022459883,0.024187815,0.024949579,0.025229454
4/28/17,0.01,0.011705774,0.012950974,0.01363164,0.015427717,0.019017755,0.022331287,0.024034475,0.024780148,0.02504895
5/2/17,0.0099,0.011719632,0.012918502,0.013539433,0.015356456,0.018962048,0.02225587,0.023981563,0.024752823,0.025048305
5/3/17,0.0099,0.011694327,0.012984186,0.013681963,0.01556039,0.019268959,0.022484361,0.02412403,0.024856806,0.02507643
5/4/17,0.0099,0.011775066,0.013061139,0.01373389,0.015697759,0.019511255,0.022813734,0.024452501,0.025183264,0.025392759
5/5/17,0.0099,0.011786132,0.013105603,0.01381141,0.015743544,0.01947042,0.022686372,0.02427492,0.024953901,0.025147365
5/8/17,0.0099,0.011827707,0.013208546,0.013923724,0.01592927,0.019787538,0.023056855,0.024683219,0.025398093,0.025604532
5/9/17,0.0099,0.011802184,0.01311123,0.013789224,0.015845208,0.019772101,0.023074057,0.024709754,0.025414395,0.025622947
5/10/17,0.0099,0.01179123,0.013042375,0.013719209,0.015741367,0.019663392,0.023042016,0.024711629,0.025439314,0.025638925
5/11/17,0.0099,0.01179999,0.013010281,0.01364339,0.015616041,0.019496232,0.022880384,0.024563488,0.025300472,0.025526451
5/12/17,0.0099,0.011777857,0.012763271,0.013290386,0.01507923,0.018860011,0.022310013,0.024095824,0.024895934,0.025181606
5/15/17,0.01,0.011776661,0.012799067,0.013328601,0.015054198,0.018849218,0.022373842,0.024155906,0.024916791,0.025199424
5/16/17,0.01,0.011793909,0.012812756,0.013340447,0.015057818,0.018801087,0.022284716,0.024073157,0.024871162,0.025162795
5/17/17,0.01,0.011765808,0.012515594,0.012921206,0.014436702,0.017840667,0.021293773,0.023146637,0.02399833,0.024415403
5/18/17,0.0101,0.011699692,0.01263928,0.013130783,0.014682581,0.018060301,0.021363518,0.023127186,0.023877979,0.024153992
5/19/17,0.0102,0.01184645,0.012779997,0.013279367,0.014866313,0.018267363,0.021519845,0.023222496,0.023957364,0.024193729
5/22/17,0.0103,0.011901881,0.012866635,0.01336631,0.01500999,0.018472834,0.021738844,0.023417197,0.024147266,0.024358232
5/23/17,0.0102,0.011868682,0.012936843,0.013480972,0.015179764,0.01868767,0.022034931,0.023754492,0.024497013,0.024782
5/24/17,0.0103,0.011957215,0.012814873,0.013289063,0.014875189,0.018355393,0.021764958,0.023583236,0.024384208,0.024734296
5/25/17,0.0104,0.011985526,0.012933701,0.013440495,0.015077154,0.018496882,0.021845596,0.023616138,0.024406184,0.024707211
5/26/17,0.0104,0.011999383,0.012910903,0.013410544,0.015036418,0.018479613,0.021814209,0.02360126,0.024388768,0.024719762
5/30/17,0.0105,0.011999383,0.012858983,0.013304196,0.014828589,0.018032781,0.021332129,0.023115454,0.023918163,0.024267222
5/31/17,0.0106,0.012080723,0.012876593,0.013324197,0.014840405,0.017996473,0.02128509,0.023042018,0.023822296,0.024155286
6/1/17,0.0108,0.012161681,0.013027929,0.01350455,0.014983291,0.018102454,0.02135712,0.023058628,0.023863463,0.024167205
6/2/17,0.0109,0.012205943,0.013036359,0.013480562,0.014852485,0.017720472,0.020852017,0.022580499,0.023363205,0.023679943
6/5/17,0.0108,0.012176635,0.013050511,0.013510732,0.014915479,0.017915012,0.021106705,0.022832856,0.023608794,0.023928668
6/6/17,0.0109,0.012171052,0.012982236,0.013409441,0.014821995,0.017686969,0.020819943,0.022544942,0.023348834,0.02368276
6/7/17,0.011,0.012190578,0.013014014,0.013467079,0.014921621,0.017956284,0.021130038,0.022875169,0.023673077,0.023998802
6/8/17,0.0112,0.012261868,0.013091791,0.013548425,0.015019815,0.018066967,0.021300081,0.023071366,0.023864187,0.024201171
6/9/17,0.0113,0.012344907,0.013212002,0.013675826,0.015155664,0.018199073,0.02137489,0.023100098,0.023885969,0.024187519
6/12/17,0.0114,0.012397042,0.013286225,0.013754507,0.015221183,0.018236427,0.021405916,0.023144092,0.023919665,0.024241163
6/13/17,0.0116,0.012435818,0.013338656,0.013814129,0.01536136,0.018405257,0.021663769,0.023442899,0.024156491,0.024585553
6/14/17,0.0117,0.012482934,0.013198286,0.013591881,0.014935604,0.017755522,0.020872624,0.022675841,0.023534907,0.023917474
6/15/17,0.0121,0.012653918,0.013354665,0.013740225,0.015149145,0.018099352,0.021196129,0.022936933,0.023747932,0.024098044
6/16/17,0.0121,0.01271492,0.013360774,0.013706253,0.014999001,0.017886639,0.021003498,0.022750825,0.02357417,0.023921987
6/19/17,0.0121,0.012781303,0.013540846,0.013940855,0.015337013,0.018324351,0.021509244,0.023247696,0.024044632,0.024300769
6/20/17,0.0122,0.012851074,0.013528852,0.013885799,0.015233865,0.018047406,0.021174883,0.022895388,0.023697994,0.024028206
6/21/17,0.0122,0.012872742,0.013523522,0.013881589,0.015163946,0.018011071,0.021080581,0.022742336,0.0235574,0.023860438
6/22/17,0.0122,0.0129342,0.013540065,0.013873419,0.015029451,0.017775531,0.020799849,0.022468557,0.023267713,0.023592077
6/23/17,0.0122,0.012911475,0.013578411,0.013929264,0.015171351,0.017896321,0.020959576,0.022632847,0.023450823,0.02378834
6/26/17,0.0122,0.012926924,0.013615896,0.013978738,0.015216415,0.017964424,0.020996343,0.022618774,0.02342469,0.023750434
6/27/17,0.0122,0.012929217,0.013696394,0.014100423,0.015457761,0.018403479,0.02158011,0.023190298,0.023975805,0.024262999
6/28/17,0.0123,0.012942705,0.013710462,0.014106049,0.015479102,0.018528787,0.021822404,0.023504915,0.024302897,0.024634707
6/29/17,0.0123,0.012964599,0.013719884,0.014135451,0.015606717,0.018860474,0.022190531,0.02389793,0.024682985,0.024995509
6/30/17,0.0122,0.012970181,0.013834048,0.014298393,0.015876457,0.019264633,0.022596726,0.024224103,0.024998315,0.025270867
7/3/17,0.0123,0.012985629,0.013941931,0.014437228,0.016144554,0.019648737,0.023000392,0.024619253,0.025363338,0.025623471
7/5/17,0.0122,0.01300765,0.01394259,0.014459509,0.016193442,0.01961026,0.02286063,0.024480418,0.025252754,0.025519355
7/6/17,0.0122,0.013019417,0.013954967,0.014444358,0.016199805,0.019803098,0.02324651,0.024914764,0.025702747,0.025976646
7/7/17,0.0123,0.01303048,0.013906849,0.014375633,0.016168339,0.019852339,0.023322762,0.024982484,0.025736281,0.025997207
7/10/17,0.0122,0.013019417,0.01389397,0.014346928,0.016120513,0.019734448,0.023163122,0.024826096,0.025507726,0.02585823
7/11/17,0.0122,0.013013337,0.013848765,0.014281459,0.0159762,0.019491273,0.022965065,0.024643535,0.025423569,0.025719503
7/12/17,0.0122,0.013016754,0.013728778,0.014113963,0.015682895,0.019197443,0.022529347,0.024270128,0.025087485,0.025399544
7/13/17,0.0123,0.013014434,0.013802288,0.014207612,0.015779908,0.019228847,0.022747305,0.024563471,0.025331434,0.025681634
7/14/17,0.0123,0.013014434,0.013750248,0.014137336,0.015657711,0.018998355,0.022621453,0.024487069,0.025386073,0.025754106
7/17/17,0.0123,0.01303935,0.013788008,0.014175759,0.015654997,0.018899476,0.022392352,0.024254087,0.025121357,0.025562951
7/18/17,0.0123,0.013047623,0.013750969,0.014115253,0.015491979,0.018478224,0.021847381,0.023670042,0.024538517,0.024937697
7/19/17,0.0123,0.013049941,0.013823769,0.014242388,0.015670755,0.018715766,0.0221519,0.024022596,0.02488454,0.025298471
7/20/17,0.0123,0.013103037,0.01389246,0.01430541,0.015701565,0.018682096,0.022077106,0.023892301,0.024757104,0.025135057
7/21/17,0.0123,0.013122372,0.013878396,0.014282806,0.015622576,0.018540438,0.021876503,0.023722527,0.024577974,0.024980252
7/24/17,0.0123,0.013116891,0.013937239,0.014362122,0.015714234,0.018661112,0.022002362,0.023841325,0.024700163,0.025111533
7/25/17,0.0123,0.013144598,0.014056925,0.014529447,0.016035699,0.019288816,0.022791843,0.024635978,0.025511572,0.02591186
7/26/17,0.0123,0.013116414,0.013865102,0.01427012,0.015642373,0.018705017,0.022297331,0.024216234,0.025125893,0.025581274
7/27/17,0.0123,0.013089184,0.013899679,0.014323653,0.015758281,0.018948305,0.022565379,0.024484655,0.025401954,0.02586449
7/28/17,0.0123,0.013083702,0.013862737,0.014279456,0.015621422,0.018735542,0.022260487,0.024167484,0.025074311,0.025542745
7/31/17,0.0123,0.013083702,0.013907829,0.014334669,0.015705362,0.018784172,0.022295935,0.024185674,0.025082562,0.025513059
8/1/17,0.0123,0.013083702,0.013883869,0.0142983,0.015575655,0.018450608,0.021899149,0.023775345,0.024569759,0.025120315
8/2/17,0.0123,0.013105351,0.013942289,0.014395049,0.015748549,0.018702475,0.02215215,0.023973119,0.024854415,0.025279822
8/3/17,0.0123,0.013094765,0.013885057,0.014298463,0.015583066,0.018347022,0.021730674,0.023517151,0.024377188,0.024835991
8/4/17,0.0123,0.013097456,0.013950871,0.014407378,0.015757934,0.018700155,0.02209416,0.02391476,0.024779651,0.025230265
8/7/17,0.0123,0.013091974,0.013957488,0.014405763,0.015750252,0.018567794,0.021932357,0.023739846,0.02465526,0.025007994
8/8/17,0.0123,0.01307254,0.013984562,0.014456925,0.015831835,0.018647894,0.022053481,0.023861687,0.024939198,0.025123821
8/9/17,0.0123,0.013069375,0.013924477,0.014387062,0.015777995,0.018563843,0.021935157,0.023741477,0.024588305,0.025009236
8/10/17,0.0123,0.013069251,0.013899585,0.014333937,0.015566181,0.01829739,0.021407732,0.023185281,0.024202124,0.024472617
8/11/17,0.0123,0.013127954,0.013801556,0.014161878,0.015265219,0.017959737,0.021299929,0.023160893,0.02405046,0.024551283
8/14/17,0.0123,0.013119682,0.013915763,0.014328077,0.01548271,0.01818628,0.021554735,0.023382971,0.02423354,0.024687121
8/15/17,0.0123,0.013119682,0.014022631,0.014490295,0.015781066,0.018652561,0.022045283,0.023838511,0.024565629,0.025097298
8/16/17,0.0123,0.013144118,0.013968804,0.014414936,0.015606611,0.018253602,0.021557916,0.023373742,0.02425628,0.024701896
8/17/17,0.0123,0.013141807,0.013923872,0.014326219,0.015451068,0.017948446,0.021145146,0.022919397,0.023795542,0.024255504
8/18/17,0.0124,0.013125163,0.013909134,0.014321555,0.015463971,0.018014727,0.021228375,0.023024427,0.023892644,0.024322331
8/21/17,0.0124,0.013122134,0.013862811,0.014254868,0.015343534,0.017850614,0.021071599,0.022848952,0.023694625,0.024130096
8/22/17,0.0124,0.013150079,0.01393243,0.014337633,0.015541995,0.018135163,0.021356716,0.023104277,0.023937617,0.024390152
8/23/17,0.0123,0.0131496,0.013824042,0.014188896,0.015267731,0.017711621,0.020846125,0.022590292,0.023499971,0.023926882
8/24/17,0.0123,0.013150079,0.013907497,0.014312331,0.015450387,0.017952734,0.021140222,0.022850051,0.023725277,0.024127892
8/25/17,0.0124,0.013155661,0.013885153,0.014283917,0.015336874,0.017801167,0.020881331,0.022629505,0.023531294,0.023935379
8/29/17,0.0124,0.013147529,0.013757806,0.014072252,0.014982281,0.0173359,0.020536227,0.022394459,0.023310137,0.023903641
8/30/17,0.0124,0.013139256,0.013787455,0.014127048,0.015101547,0.017435585,0.020596573,0.022434502,0.023342707,0.023845588
8/31/17,0.0123,0.013155901,0.013770758,0.014120826,0.015074518,0.017320603,0.020464314,0.022329712,0.023264059,0.02377946
9/1/17,0.0123,0.013139256,0.013826511,0.014212288,0.015262669,0.017685152,0.020997367,0.022870447,0.023819806,0.024333157
9/4/17,0.0123,0.013139256,0.013805058,0.014153874,0.015092086,0.017694668,0.020617311,0.022569857,0.023854353,0.024405833
9/5/17,0.0123,0.013150319,0.013706665,0.014003059,0.014827866,0.0168357,0.019913955,0.021786902,0.022896353,0.023270592
9/6/17,0.0123,0.013150319,0.013773997,0.014106262,0.015077288,0.017289816,0.020467875,0.022353072,0.023301522,0.023839341
9/7/17,0.0124,0.013150319,0.013656117,0.013937779,0.014792066,0.016832528,0.01981775,0.021664852,0.022584061,0.023112506
9/8/17,0.0124,0.013081647,0.013577003,0.013854329,0.014753674,0.016886393,0.019929829,0.021772471,0.022706297,0.023236787
9/11/17,0.0124,0.013144837,0.013810193,0.014158775,0.01520986,0.017567794,0.020653193,0.022488569,0.023395636,0.023877926
9/12/17,0.0124,0.013169754,0.013898939,0.014287414,0.015398129,0.017871302,0.020989365,0.022804245,0.023686673,0.02416825
9/13/17,0.0123,0.013178027,0.013993598,0.014428095,0.015604701,0.018161226,0.021275826,0.023069048,0.024028814,0.024405655
9/14/17,0.0123,0.01318909,0.014097295,0.014603043,0.015838651,0.018342235,0.021328003,0.023055575,0.023918206,0.024334621
9/15/17,0.0124,0.013216797,0.014185057,0.014727137,0.016076234,0.018582157,0.021507393,0.023133937,0.023914554,0.024342047
9/18/17,0.0124,0.01322786,0.014316799,0.014887298,0.01623839,0.018815567,0.021769086,0.023403178,0.024195908,0.024596009
9/19/17,0.0124,0.013238923,0.014362019,0.014960351,0.016336826,0.018860497,0.021868526,0.023538169,0.024326621,0.024716031
9/20/17,0.0124,0.013208525,0.014492384,0.015176363,0.016708066,0.019271267,0.022097664,0.023660831,0.024425798,0.024742887
9/21/17,0.0124,0.013260561,0.014521677,0.015255806,0.016819647,0.019387484,0.022232103,0.023756576,0.024506599,0.024812016
9/22/17,0.0124,0.013271867,0.014503624,0.01520868,0.016700467,0.019184211,0.021944653,0.02349101,0.024263176,0.024594299
9/25/17,0.0124,0.013274902,0.014506849,0.01515227,0.016604362,0.018904102,0.02162185,0.023198907,0.023975946,0.024335644
9/26/17,0.0123,0.013285965,0.014574093,0.015260346,0.01676119,0.018997244,0.021739717,0.023274863,0.024018121,0.024333945
9/27/17,0.0124,0.0133054,0.014655525,0.015374808,0.016973607,0.019565021,0.022467613,0.024072369,0.024868333,0.025225756
9/28/17,0.0124,0.013327279,0.014520911,0.015200502,0.016702489,0.01939335,0.022448676,0.024117405,0.024926535,0.025321112
9/29/17,0.0123,0.013316217,0.01461286,0.015355058,0.017086064,0.019702786,0.022663576,0.024147226,0.024831055,0.025202743
10/2/17,0.0123,0.01333286,0.014670366,0.015386673,0.017113227,0.019720572,0.02277328,0.024332843,0.025079244,0.025412733
10/3/17,0.0124,0.013402023,0.014730932,0.015442634,0.017062015,0.019722451,0.022576584,0.024192218,0.024951145,0.025305078
10/4/17,0.0124,0.013443079,0.014771395,0.015514812,0.017121615,0.019730566,0.022587466,0.024199768,0.025010177,0.025320841
10/5/17,0.0124,0.013462914,0.014829005,0.015610616,0.017283882,0.019932148,0.022770635,0.024386427,0.025159921,0.025527211
10/6/17,0.0124,0.013479556,0.01489453,0.015692868,0.017381813,0.020067657,0.022888542,0.024466076,0.025232933,0.025586952
10/10/17,0.0124,0.013543236,0.014979037,0.015747986,0.017452075,0.020084312,0.022920246,0.024495067,0.025248612,0.025573283
10/11/17,0.0124,0.013561803,0.014969248,0.01577452,0.017478696,0.019966824,0.022787009,0.024366059,0.025107081,0.025468733
10/12/17,0.0124,0.01356815,0.014959272,0.01573784,0.01740619,0.019859659,0.022506999,0.024030294,0.024780984,0.025116032
10/13/17,0.0124,0.013509951,0.014854927,0.015611748,0.017200643,0.019481769,0.022095959,0.023630957,0.024393855,0.024711969
10/16/17,0.0124,0.013515532,0.015044021,0.015862609,0.017651326,0.020037173,0.022499005,0.023962327,0.024664094,0.024976245
10/17/17,0.0124,0.013549813,0.015080183,0.015899779,0.017731813,0.020012698,0.022557833,0.023983617,0.0246431,0.024908549
10/18/17,0.0124,0.013601917,0.015077951,0.015904041,0.017784264,0.020416507,0.022969559,0.024401572,0.025108184,0.025368266
10/19/17,0.0124,0.013601334,0.014980131,0.015751801,0.017479375,0.020034677,0.022707749,0.024203805,0.024921572,0.025189664
10/20/17,0.0124,0.013623856,0.015093652,0.015920709,0.017821616,0.02060815,0.023345799,0.02481158,0.025441256,0.025753303
10/23/17,0.0124,0.013650363,0.015093471,0.015866333,0.017654523,0.020394861,0.023160234,0.024679259,0.02545802,0.02568321
10/24/17,0.0124,0.013682451,0.015173202,0.01597158,0.017887642,0.020840884,0.023751878,0.025264452,0.02601055,0.026279199
10/25/17,0.0124,0.013719995,0.01519935,0.016027298,0.017913423,0.02100006,0.023834979,0.025364849,0.026080273,0.026352447
10/26/17,0.0124,0.013755395,0.015276309,0.016127517,0.018099858,0.021098202,0.024109043,0.025629036,0.026345664,0.026609936
10/27/17,0.0124,0.01377662,0.015226217,0.016041908,0.0178801,0.020832785,0.023563393,0.025101442,0.025826641,0.026113848
10/30/17,0.0124,0.013743636,0.015208323,0.015992743,0.017702573,0.020397638,0.023212609,0.024754042,0.025497983,0.025785233
10/31/17,0.0124,0.01378788,0.015284093,0.016099035,0.017845708,0.02056407,0.023258992,0.024749287,0.025471628,0.025749486
11/1/17,0.0124,0.013823323,0.01534898,0.016217609,0.017964878,0.020565472,0.023280095,0.024768734,0.025513391,0.025794516
11/2/17,0.0124,0.013889221,0.015356106,0.016191273,0.017865395,0.020389537,0.023008941,0.024529345,0.025282024,0.025524025
11/3/17,0.0124,0.013894702,0.015395114,0.016253949,0.017892306,0.02041085,0.022842828,0.024359274,0.025073026,0.025456769
11/6/17,0.0124,0.013945421,0.015500554,0.016333412,0.017931826,0.020239149,0.02264978,0.024091402,0.024819195,0.025071977
11/7/17,0.0124,0.014000723,0.015558313,0.016406686,0.018033298,0.020302885,0.02266682,0.024077733,0.02473668,0.024995016
11/8/17,0.0125,0.014072215,0.015589119,0.016452765,0.018101676,0.020344442,0.022814365,0.024201718,0.024883524,0.025120068
11/9/17,0.0124,0.014103453,0.015580268,0.016421089,0.018023126,0.020446402,0.02295613,0.024399372,0.025099119,0.025331707
11/10/17,0.0125,0.014103453,0.015643076,0.016526685,0.01821919,0.020826028,0.023514795,0.025014456,0.025730401,0.025989102
11/13/17,0.0125,0.014133047,0.015775093,0.016654498,0.01846454,0.021037575,0.023669342,0.025130199,0.025830872,0.026096348
11/14/17,0.0126,0.014164234,0.015774,0.016650792,0.018389361,0.020838893,0.023280878,0.024715178,0.025509126,0.025627258
11/15/17,0.0127,0.01419239,0.015719098,0.016607835,0.018238687,0.020497898,0.02283811,0.024210961,0.024867311,0.02505678
11/16/17,0.0128,0.014330427,0.015911187,0.016811188,0.018542645,0.020880735,0.02341616,0.024811096,0.025514695,0.025704112
11/17/17,0.0129,0.014380244,0.015947581,0.016844724,0.018530627,0.020816393,0.023088605,0.024443425,0.025114469,0.025298396
11/20/17,0.0129,0.014432751,0.016153043,0.017074353,0.018844433,0.0211267,0.023340946,0.024684078,0.025308525,0.025538607
11/21/17,0.0131,0.014512469,0.016221576,0.017216492,0.019061858,0.02126177,0.023286547,0.024545132,0.025177892,0.025275127
11/22/17,0.0133,0.014595453,0.016157423,0.017049117,0.01868826,0.020773675,0.022901464,0.024223878,0.024864816,0.025010695
11/23/17,0.0133,0.014593354,0.016180927,0.017084807,0.01873014,0.020765266,0.022931029,0.024241754,0.024882095,0.025026879
11/24/17,0.0134,0.014648846,0.016261248,0.017184187,0.018875359,0.020963259,0.023102644,0.02444813,0.025125328,0.025285646
11/27/17,0.0135,0.014744987,0.016377205,0.017218207,0.018846366,0.020780626,0.022913334,0.024264587,0.024915843,0.025108881
11/28/17,0.0135,0.014760931,0.016382494,0.017213564,0.018851776,0.020888329,0.022911279,0.02420579,0.024847102,0.025039513
11/29/17,0.0136,0.014778964,0.016467475,0.017347362,0.01907911,0.02132382,0.023506877,0.024833934,0.025496079,0.025649869
11/30/17,0.0137,0.014845909,0.016534537,0.017474875,0.019330755,0.021602512,0.023734944,0.025000728,0.025626416,0.025761283
12/1/17,0.0138,0.014918445,0.016532488,0.01740158,0.019218436,0.021351735,0.023311768,0.024530963,0.02512997,0.025223718
12/4/17,0.0139,0.015056527,0.016750176,0.01761819,0.019518475,0.021654745,0.023572831,0.024737268,0.025302519,0.025381323
12/5/17,0.014,0.01512457,0.016839689,0.017718707,0.019578161,0.0216121,0.023339919,0.024457435,0.025000467,0.025047657
12/6/17,0.0141,0.015197393,0.016853918,0.017702905,0.01948041,0.02149314,0.023265094,0.024408253,0.024959781,0.025043669
12/7/17,0.0143,0.015330856,0.016900046,0.017759135,0.019535898,0.021609126,0.023450111,0.024581625,0.025141929,0.025215586
12/8/17,0.0144,0.015457893,0.017014921,0.017853314,0.019588378,0.021637606,0.023549448,0.024715019,0.025294909,0.025384994
12/11/17,0.0146,0.015604224,0.017188488,0.018000441,0.019777295,0.021811521,0.023672764,0.024837332,0.025414869,0.025496171
12/12/17,0.0147,0.015704331,0.017299256,0.018116673,0.019880393,0.021948197,0.023746949,0.024879665,0.025443993,0.025525446
12/13/17,0.0148,0.015853442,0.017205877,0.017899015,0.019466981,0.021295002,0.023141526,0.024300854,0.024884741,0.024985419
12/14/17,0.0149,0.015971914,0.017333643,0.018079153,0.019748356,0.021554453,0.023108428,0.024163982,0.024690296,0.024753123
12/15/17,0.015,0.016100653,0.017468859,0.01820558,0.019865351,0.021603966,0.023079086,0.024085322,0.024549648,0.024590641
12/18/17,0.015,0.016221862,0.01758839,0.018288751,0.019963164,0.021803711,0.02351172,0.024575673,0.025077606,0.02512393
12/19/17,0.0151,0.016386689,0.017775929,0.01848793,0.020237686,0.022279391,0.024104505,0.025203673,0.025744141,0.025788995
12/20/17,0.0153,0.016545035,0.017861197,0.018535745,0.020323951,0.022443614,0.024405424,0.025606805,0.026170565,0.026273011
12/21/17,0.0155,0.016711442,0.017956488,0.018653301,0.020439756,0.022517609,0.024315633,0.02542385,0.02595789,0.026031119
12/22/17,0.0156,0.016822277,0.018067061,0.018767504,0.020577272,0.022526295,0.024247794,0.025295365,0.02578218,0.025808183
12/27/17,0.0157,0.016898156,0.018046986,0.018635774,0.020361451,0.022081311,0.023605248,0.024566891,0.025007065,0.024995556
12/28/17,0.0157,0.016910306,0.018042178,0.018675651,0.020463663,0.022290518,0.023821187,0.024764411,0.025210361,0.025187401
12/29/17,0.0156,0.016907019,0.018010909,0.018618535,0.020376596,0.022024241,0.023619067,0.024595166,0.025081369,0.025091878
1/2/18,0.0156,0.016933407,0.018212548,0.018879112,0.020675148,0.022418169,0.024085184,0.025135331,0.025662369,0.02570087
1/3/18,0.0156,0.016923449,0.018250206,0.018941582,0.020711345,0.022442645,0.023967283,0.024986596,0.025477565,0.025508359
1/4/18,0.0156,0.017001515,0.018388762,0.019148242,0.020997003,0.022705945,0.024077337,0.025029672,0.025484914,0.025505123
1/5/18,0.0155,0.017003111,0.018415703,0.019189225,0.021074474,0.022897728,0.02431855,0.025278658,0.025750813,0.025751964
1/8/18,0.0155,0.017043837,0.018479971,0.019216006,0.021065638,0.022856196,0.024306348,0.025284768,0.025749484,0.025749724
1/9/18,0.0155,0.017009483,0.018515525,0.019300326,0.021247699,0.023313058,0.025048384,0.026075716,0.02655815,0.026581245
1/10/18,0.0155,0.01705469,0.018570589,0.019360527,0.02127888,0.023284096,0.025024839,0.026038587,0.026505902,0.026529739
1/11/18,0.0156,0.017165018,0.018604121,0.019405508,0.021278541,0.023268183,0.024901755,0.02582187,0.026268766,0.026226142
1/12/18,0.0156,0.017178261,0.018741742,0.019597888,0.021513981,0.02350911,0.024999628,0.025853053,0.026239243,0.026138274
1/16/18,0.0156,0.01730332,0.018956358,0.01981776,0.021732244,0.023663401,0.025051733,0.025840186,0.026207146,0.026068683
1/17/18,0.0156,0.0173541,0.019078791,0.019977531,0.02204313,0.024136249,0.025575843,0.026326514,0.026647403,0.026492597
1/18/18,0.0156,0.01740864,0.019047135,0.019959557,0.022091731,0.024338736,0.025990228,0.026788062,0.02715337,0.026963455
1/19/18,0.0156,0.017406771,0.019120698,0.02006171,0.022233164,0.024840526,0.026776325,0.02766595,0.028034325,0.027826677
1/22/18,0.0156,0.017375208,0.019112374,0.020002691,0.022234108,0.024779971,0.026570923,0.027417098,0.027763533,0.027579304
1/23/18,0.0156,0.017414039,0.019045139,0.019895108,0.02198519,0.02436468,0.02605381,0.026939581,0.027315507,0.027169649
1/24/18,0.0156,0.017486323,0.019154634,0.020023995,0.02216042,0.024612395,0.026366021,0.027250452,0.027613941,0.02743145
1/25/18,0.0157,0.017564052,0.01921237,0.020130261,0.022248937,0.024493546,0.025954846,0.026747281,0.027054407,0.026803436
1/26/18,0.0157,0.01763009,0.019379163,0.020336938,0.022593296,0.024990044,0.026414127,0.027175681,0.027466738,0.027240892
1/29/18,0.0157,0.017683788,0.019510927,0.020426999,0.022682382,0.025185901,0.026777963,0.02753711,0.027808632,0.027563541
1/30/18,0.0157,0.017695238,0.019498204,0.020417195,0.022708926,0.025338338,0.026987908,0.027726891,0.028024262,0.027739544
1/31/18,0.0158,0.017738747,0.019598518,0.020546463,0.022873332,0.025432622,0.026932434,0.027637241,0.027892584,0.027610343
2/1/18,0.0158,0.017829121,0.019647424,0.02068267,0.023154514,0.026109276,0.027851046,0.02858423,0.028822736,0.028489124
2/2/18,0.0158,0.01784987,0.019724837,0.020774539,0.023188904,0.026377739,0.028354178,0.029094523,0.029305817,0.028978345
2/5/18,0.0158,0.017894414,0.019467972,0.020274439,0.022357628,0.024907627,0.026798637,0.027742846,0.028064234,0.027834396
2/6/18,0.0158,0.017867479,0.019738355,0.02069196,0.023018344,0.025889683,0.027894001,0.028695971,0.028947063,0.028570951
2/7/18,0.0158,0.017958973,0.019831223,0.020785528,0.0230438,0.026029192,0.028154615,0.0290488,0.029347687,0.029089213
2/8/18,0.0158,0.018063697,0.019860036,0.020860354,0.022972082,0.025805457,0.028002792,0.028944318,0.029281978,0.029033746
2/9/18,0.0158,0.01815872,0.019956078,0.020940292,0.0230338,0.025943566,0.028216018,0.029173574,0.029502805,0.029270611
2/12/18,0.0159,0.018292376,0.020135982,0.021060311,0.023132997,0.026095292,0.028329018,0.029256697,0.029565307,0.029274715
2/13/18,0.0159,0.018345833,0.020149184,0.021068372,0.023119464,0.025886979,0.027959082,0.028853767,0.029145898,0.028824993
2/14/18,0.0159,0.018457823,0.020549314,0.021615369,0.02392305,0.026812574,0.028758486,0.02955945,0.029811994,0.029430038
2/15/18,0.0159,0.018681308,0.020692027,0.021811727,0.024189852,0.027006923,0.028802093,0.029599581,0.029833954,0.02944981
2/16/18,0.0159,0.018805127,0.020755724,0.021826675,0.02409316,0.026784328,0.028501505,0.029329313,0.029583273,0.029250407
2/20/18,0.016,0.018994731,0.021078046,0.022139934,0.02442448,0.026958152,0.028575299,0.029417805,0.02966825,0.029332752
2/21/18,0.016,0.019152087,0.021338412,0.022452805,0.024890988,0.027654063,0.029298849,0.030108039,0.030358588,0.029998443
2/22/18,0.0162,0.019388189,0.021230686,0.022279707,0.024580281,0.027201638,0.028909281,0.02981495,0.030097486,0.029790688
2/23/18,0.0163,0.019514291,0.021271965,0.022255999,0.024397074,0.026744235,0.028303665,0.02916192,0.029457316,0.029135797
2/26/18,0.0165,0.019791763,0.02151786,0.022442278,0.024485247,0.026712184,0.028196611,0.029040542,0.029312106,0.029010969
2/27/18,0.0166,0.020011244,0.021739906,0.022681456,0.024885036,0.027252556,0.028638536,0.029405294,0.029618739,0.029251209
2/28/18,0.0167,0.020118962,0.021775381,0.022718459,0.024801893,0.027000935,0.028289849,0.029022128,0.029265733,0.028888667
3/1/18,0.0169,0.020193505,0.021562778,0.022267223,0.024231222,0.026308664,0.027711958,0.028492413,0.028732959,0.028406281
3/2/18,0.0169,0.020199673,0.021614075,0.022358145,0.024454286,0.026782412,0.02828506,0.02910015,0.029348751,0.02901868
3/5/18,0.017,0.020296272,0.021743267,0.022492708,0.024596144,0.026967246,0.028432944,0.029202664,0.029449168,0.029056766
3/6/18,0.0171,0.02041943,0.021876093,0.022630543,0.024758074,0.027164017,0.028552876,0.029302996,0.029567957,0.029172914
3/7/18,0.0172,0.020517442,0.021943262,0.02271459,0.02485162,0.027168324,0.028559818,0.029326517,0.029589838,0.029212877
3/8/18,0.0174,0.020659367,0.022056445,0.022787264,0.02488381,0.027059358,0.028377511,0.029159117,0.029425934,0.029061169
3/9/18,0.0175,0.02083195,0.0222128,0.022951441,0.025091354,0.027354891,0.028700912,0.029496456,0.029754551,0.029391534
3/12/18,0.0176,0.021012283,0.022403479,0.023124021,0.025237002,0.027343619,0.028557114,0.029321937,0.029561354,0.029194677
3/13/18,0.0178,0.021187535,0.022552301,0.023259154,0.025277549,0.027264142,0.028422878,0.029158496,0.029409127,0.029022193
3/14/18,0.0179,0.021390154,0.022623062,0.02329003,0.025213096,0.027121967,0.028105836,0.028782582,0.028993281,0.028597488
3/15/18,0.0181,0.021714638,0.022814421,0.023389722,0.025321436,0.027170912,0.028165851,0.028796471,0.029001395,0.028530085
3/16/18,0.0182,0.021955789,0.023019443,0.023588409,0.025534101,0.027421901,0.028379307,0.029013735,0.029221352,0.028780104
3/19/18,0.0184,0.022162023,0.023088536,0.023568405,0.025526548,0.027476339,0.028433168,0.029058148,0.029249384,0.028820935
3/20/18,0.0185,0.022417066,0.023400837,0.023910361,0.025908076,0.027861863,0.0288044,0.029427573,0.029614822,0.029204979
3/21/18,0.0186,0.022643727,0.023401175,0.023810933,0.025723229,0.027738037,0.028744612,0.029390921,0.029568795,0.029159758
3/22/18,0.0187,0.02278921,0.023348982,0.023641801,0.025428535,0.027223102,0.02817504,0.028802941,0.029014111,0.028573264
3/23/18,0.0188,0.022848662,0.023347543,0.023614403,0.025280469,0.026975027,0.027940237,0.028592759,0.028835122,0.028471437
3/26/18,0.0188,0.022882563,0.023486988,0.023800038,0.025554607,0.027378447,0.028344399,0.028971338,0.029170146,0.028767794
3/27/18,0.0188,0.022952552,0.023224771,0.023365762,0.024902522,0.026487993,0.027437874,0.028129947,0.028371783,0.027999531
3/28/18,0.0189,0.023012935,0.023395197,0.023606545,0.025131987,0.026678412,0.027564726,0.028183024,0.028395952,0.027991864
3/29/18,0.0188,0.023049481,0.023477432,0.023711152,0.02524112,0.026514393,0.027241064,0.027808335,0.028017321,0.027609903
4/3/18,0.0188,0.023140588,0.023604353,0.023843308,0.025377095,0.026776991,0.027557582,0.028110474,0.028317409,0.027894381
4/4/18,0.0189,0.023178068,0.023673396,0.023928615,0.025500275,0.027061953,0.027847491,0.028412332,0.028604005,0.028180265
4/5/18,0.019,0.023237916,0.023744357,0.02401697,0.025657198,0.027266269,0.028149848,0.028752381,0.028965901,0.028552366
4/6/18,0.019,0.023305815,0.023690826,0.023889056,0.025311133,0.026739767,0.027533009,0.028155801,0.028366037,0.028007493
4/9/18,0.019,0.023304225,0.023683336,0.023878673,0.02537502,0.026767214,0.02754642,0.028124766,0.02833678,0.027948895
4/10/18,0.0189,0.023321423,0.023775217,0.024009035,0.025545489,0.026986064,0.027790996,0.02837259,0.028592205,0.028181032
4/11/18,0.019,0.02334727,0.023868494,0.024137056,0.025634024,0.026977847,0.027687764,0.028261513,0.028465232,0.028065468
4/12/18,0.019,0.023407513,0.024089643,0.024456829,0.026056709,0.027503082,0.028228501,0.028798586,0.028984123,0.028559802
4/13/18,0.019,0.023458411,0.024193261,0.024577928,0.026156295,0.027517065,0.028097956,0.028584519,0.028762511,0.028335344
4/16/18,0.0189,0.023481076,0.024221868,0.024603562,0.026275603,0.027538635,0.028058454,0.028558351,0.028730791,0.028287163
4/17/18,0.019,0.023484058,0.024227904,0.024611171,0.026275246,0.027553811,0.028086133,0.028591566,0.028749202,0.028302857
4/18/18,0.019,0.023516565,0.024356197,0.024788818,0.026518878,0.027917967,0.02845327,0.028920207,0.029061498,0.028591145
4/19/18,0.019,0.023545393,0.024367248,0.024809648,0.026601252,0.028154454,0.028831969,0.0292907,0.029454694,0.028951294
4/20/18,0.019,0.023522231,0.024418058,0.024886991,0.026813671,0.028600552,0.029387853,0.029880401,0.03003395,0.029538225
4/23/18,0.019,0.023525312,0.024462798,0.024945838,0.026941352,0.028711054,0.029475401,0.029887685,0.029981097,0.029455531
4/24/18,0.019,0.023546486,0.024458141,0.024927873,0.026876881,0.028776319,0.029700257,0.030190823,0.030317584,0.029821968